team_id,availability_from,availability_till,skill_level
1,2023-01-01,2023-02-02,1
2,2023-01-15,2023-02-16,1
3,2023-02-01,2023-03-02,1
4,2023-01-15,2023-02-16,2
5,2023-01-01,2023-02-02,2
6,2023-01-15,2023-02-16,2
7,2023-02-01,2023-03-02,3
8,2023-02-01,2023-03-02,3
9,2023-01-01,2023-02-02,3
10,2023-02-01,2023-03-02,1