customer_id,destination_latitude,destination_longitude,team_id,base_latitude,base_longitude,distance,start_date,availability_from,availability_till,availabile,number_of_panels,capacity,skill_level,required_day
6,51.7633,7.8911,2,50.9422,6.9578,121.7792993,2023-02-07,2023-01-15,2023-02-16,TRUE,59,100,1,1
36,50.3667,8.75,2,50.9422,6.9578,167.7359656,2023-01-25,2023-01-15,2023-02-16,TRUE,63,100,1,1
50,48.2731,8.8506,9,48.1372,11.5755,160.7293733,2023-01-05,2023-01-01,2023-02-02,TRUE,15,21,3,1
119,50.0086,8.7756,2,50.9422,6.9578,188.376847,2023-01-31,2023-01-15,2023-02-16,TRUE,62,100,1,1
137,53.7547,9.6536,4,52.5167,13.3833,294.4824156,2023-01-25,2023-01-15,2023-02-16,TRUE,17,22,2,1
175,50.3353,8.755,1,52.5167,13.3833,403.8454415,2023-01-11,2023-01-01,2023-02-02,TRUE,29,100,1,1
203,51.906,10.4292,1,52.5167,13.3833,217.1439308,2023-01-29,2023-01-01,2023-02-02,TRUE,60,100,1,1
236,52.2281,11.0106,10,50.9422,6.9578,378.6582271,2023-02-21,2023-02-01,2023-03-02,TRUE,44,100,1,1
250,50.3167,11.9167,3,48.1372,11.5755,242.752847,2023-02-04,2023-02-01,2023-03-02,TRUE,56,100,1,1
275,51.3166,9.4912,10,50.9422,6.9578,223.1425342,2023-02-27,2023-02-01,2023-03-02,TRUE,45,100,1,1
346,50.55,10.4167,1,52.5167,13.3833,300.9546942,2023-01-06,2023-01-01,2023-02-02,TRUE,43,100,1,1
435,54.3044,9.6644,2,50.9422,6.9578,440.6173772,2023-02-14,2023-01-15,2023-02-16,TRUE,53,100,1,1
463,48.8,9.5333,3,48.1372,11.5755,140.6963612,2023-02-23,2023-02-01,2023-03-02,TRUE,63,100,1,1
471,53.6333,11.4167,4,52.5167,13.3833,184.991735,2023-01-21,2023-01-15,2023-02-16,TRUE,16,22,2,1
540,47.5947,7.6108,2,50.9422,6.9578,375.8450672,2023-01-18,2023-01-15,2023-02-16,TRUE,45,100,1,1
96,49.2183,12.6658,3,48.1372,11.5755,136.0150021,2023-03-01,2023-02-01,2023-03-02,TRUE,49,100,1,1
102,50.9422,6.9578,2,50.9422,6.9578,0,2023-01-31,2023-01-15,2023-02-16,TRUE,66,100,1,1
120,48.5667,10.4667,3,48.1372,11.5755,80.70152843,2023-02-05,2023-02-01,2023-03-02,TRUE,38,100,1,1
151,51.4508,7.0131,2,50.9422,6.9578,56.65707373,2023-02-05,2023-01-15,2023-02-16,TRUE,12,100,1,1
164,49.5436,8.3639,2,50.9422,6.9578,197.2500575,2023-01-18,2023-01-15,2023-02-16,TRUE,65,100,1,1
198,51.3265,7.3559,5,50.9422,6.9578,54.8318748,2023-01-02,2023-01-01,2023-02-02,TRUE,19,22,2,1
290,47.6633,9.1753,6,48.1372,11.5755,150.4476753,2023-02-05,2023-01-15,2023-02-16,TRUE,15,22,2,1
366,50.0558,8.6971,2,50.9422,6.9578,179.822781,2023-01-27,2023-01-15,2023-02-16,TRUE,27,100,1,1
375,49.3443,8.1952,5,50.9422,6.9578,207.1857096,2023-01-06,2023-01-01,2023-02-02,TRUE,12,22,2,1
416,50.495,12.1383,1,52.5167,13.3833,240.6617033,2023-01-13,2023-01-01,2023-02-02,TRUE,34,100,1,1
431,48.97,13.1264,1,52.5167,13.3833,394.0922443,2023-01-30,2023-01-01,2023-02-02,TRUE,25,100,1,1
442,51.3081,13.2939,1,52.5167,13.3833,134.2997838,2023-01-26,2023-01-01,2023-02-02,TRUE,38,100,1,1
450,48.1681,8.6247,3,48.1372,11.5755,173.3198608,2023-02-01,2023-02-01,2023-03-02,TRUE,43,100,1,1
458,49.3,7.1167,2,50.9422,6.9578,182.8021383,2023-01-17,2023-01-15,2023-02-16,TRUE,27,100,1,1
472,51.4458,7.5653,5,50.9422,6.9578,76.73747672,2023-01-29,2023-01-01,2023-02-02,TRUE,15,22,2,1
502,48.7761,9.1775,2,50.9422,6.9578,307.7482458,2023-01-27,2023-01-15,2023-02-16,TRUE,62,100,1,1
556,49.2942,8.6983,2,50.9422,6.9578,236.9588305,2023-01-23,2023-01-15,2023-02-16,TRUE,50,100,1,1
560,53.3667,10.2167,10,50.9422,6.9578,389.8231238,2023-02-18,2023-02-01,2023-03-02,TRUE,50,100,1,1
71,52.35,13.4,1,52.5167,13.3833,18.54041363,2023-01-27,2023-01-01,2023-02-02,TRUE,48,100,1,1
99,50.2585,10.9579,9,48.1372,11.5755,238.2411549,2023-01-25,2023-01-01,2023-02-02,TRUE,20,21,3,1
126,51.5139,7.4653,2,50.9422,6.9578,77.17418151,2023-02-10,2023-01-15,2023-02-16,TRUE,34,100,1,1
149,51.1881,10.0528,2,50.9422,6.9578,269.2260424,2023-01-16,2023-01-15,2023-02-16,TRUE,56,100,1,1
154,50.6613,6.7873,1,52.5167,13.3833,504.5599367,2023-01-03,2023-01-01,2023-02-02,TRUE,28,100,1,1
195,47.8667,11.4667,1,52.5167,13.3833,533.2205579,2023-01-02,2023-01-01,2023-02-02,TRUE,56,100,1,1
254,51.0299,9.4026,1,52.5167,13.3833,323.2805747,2023-01-02,2023-01-01,2023-02-02,TRUE,66,100,1,1
286,49.6664,8.0117,5,50.9422,6.9578,168.4416165,2023-01-03,2023-01-01,2023-02-02,TRUE,13,22,2,1
288,51.79,6.14,2,50.9422,6.9578,117.7477996,2023-01-31,2023-01-15,2023-02-16,TRUE,60,100,1,1
301,51.9833,8.8,2,50.9422,6.9578,196.9013515,2023-01-30,2023-01-15,2023-02-16,TRUE,54,100,1,1
364,49.1917,9.2244,3,48.1372,11.5755,181.0068942,2023-02-03,2023-02-01,2023-03-02,TRUE,46,100,1,1
369,48.7333,11.1833,9,48.1372,11.5755,70.06109315,2023-01-15,2023-01-01,2023-02-02,TRUE,14,21,3,1
380,50.4286,7.4614,2,50.9422,6.9578,71.75939481,2023-01-30,2023-01-15,2023-02-16,TRUE,34,100,1,1
452,50.6506,11.3542,3,48.1372,11.5755,279.289924,2023-02-25,2023-02-01,2023-03-02,TRUE,22,100,1,1
494,47.9972,11.3406,3,48.1372,11.5755,20.77932424,2023-02-01,2023-02-01,2023-03-02,TRUE,63,100,1,1
511,51.5603,13.0056,3,48.1372,11.5755,389.1346985,2023-02-18,2023-02-01,2023-03-02,TRUE,62,100,1,1
559,48.8764,9.3978,3,48.1372,11.5755,151.9444605,2023-02-22,2023-02-01,2023-03-02,TRUE,44,100,1,1
13,49.7517,8.1161,5,50.9422,6.9578,165.8618796,2023-01-15,2023-01-01,2023-02-02,TRUE,14,22,2,1
41,47.7247,12.8769,1,52.5167,13.3833,533.0862272,2023-01-20,2023-01-01,2023-02-02,TRUE,23,100,1,1
45,53.9356,10.3089,2,50.9422,6.9578,441.0243984,2023-02-12,2023-01-15,2023-02-16,TRUE,62,100,1,1
111,51.6539,7.3417,2,50.9422,6.9578,85.70019029,2023-02-15,2023-01-15,2023-02-16,TRUE,31,100,1,1
221,53.55,10,1,52.5167,13.3833,262.6325557,2023-01-06,2023-01-01,2023-02-02,TRUE,38,100,1,1
20,50.8342,10.9464,3,48.1372,11.5755,301.6379539,2023-02-24,2023-02-01,2023-03-02,TRUE,46,100,1,1
70,51.6167,12.3167,3,48.1372,11.5755,388.6694813,2023-02-26,2023-02-01,2023-03-02,TRUE,61,100,1,1
77,51.5232,6.9253,2,50.9422,6.9578,64.55229952,2023-02-12,2023-01-15,2023-02-16,TRUE,65,100,1,1
145,50.9787,11.0328,7,52.5167,13.3833,236.8267351,2023-02-06,2023-02-01,2023-03-02,TRUE,13,21,3,1
173,48.8075,13.5475,3,48.1372,11.5755,137.6475229,2023-02-17,2023-02-01,2023-03-02,TRUE,20,100,1,1
207,52.0917,7.6083,1,52.5167,13.3833,406.0318014,2023-01-09,2023-01-01,2023-02-02,TRUE,44,100,1,1
261,48.7636,11.4261,6,48.1372,11.5755,70.08174697,2023-02-13,2023-01-15,2023-02-16,TRUE,12,22,2,1
263,53.925,9.5164,2,50.9422,6.9578,398.3058985,2023-02-07,2023-01-15,2023-02-16,TRUE,54,100,1,1
273,49.0167,8.4,2,50.9422,6.9578,247.5024761,2023-01-18,2023-01-15,2023-02-16,TRUE,57,100,1,1
304,48.0528,10.8689,3,48.1372,11.5755,42.53954356,2023-02-19,2023-02-01,2023-03-02,TRUE,38,100,1,1
309,49.5103,11.2772,1,52.5167,13.3833,364.6825773,2023-01-31,2023-01-01,2023-02-02,TRUE,65,100,1,1
368,53.5569,13.2608,1,52.5167,13.3833,115.7786617,2023-01-06,2023-01-01,2023-02-02,TRUE,64,100,1,1
412,49.8056,8.6044,1,52.5167,13.3833,449.3667316,2023-01-02,2023-01-01,2023-02-02,TRUE,29,100,1,1
423,51.1033,13.67,1,52.5167,13.3833,158.1597117,2023-01-02,2023-01-01,2023-02-02,TRUE,66,100,1,1
429,47.7831,9.6114,3,48.1372,11.5755,121.8550142,2023-02-28,2023-02-01,2023-03-02,TRUE,15,100,1,1
430,51.6167,7.2,1,52.5167,13.3833,443.2003164,2023-01-07,2023-01-01,2023-02-02,TRUE,46,100,1,1
444,52.1906,9.0814,2,50.9422,6.9578,230.1639354,2023-01-18,2023-01-15,2023-02-16,TRUE,25,100,1,1
459,49.4667,7.1667,2,50.9422,6.9578,164.7752036,2023-02-07,2023-01-15,2023-02-16,TRUE,29,100,1,1
483,49.25,8.8833,2,50.9422,6.9578,251.0929291,2023-01-25,2023-01-15,2023-02-16,TRUE,59,100,1,1
498,54.3092,13.0819,1,52.5167,13.3833,200.0776409,2023-01-17,2023-01-01,2023-02-02,TRUE,62,100,1,1
499,48.8772,12.5758,1,52.5167,13.3833,407.9010518,2023-01-05,2023-01-01,2023-02-02,TRUE,55,100,1,1
565,53.5747,7.7808,5,50.9422,6.9578,300.7619714,2023-01-12,2023-01-01,2023-02-02,TRUE,18,22,2,1
568,49.6319,8.3653,10,50.9422,6.9578,189.7101802,2023-02-20,2023-02-01,2023-03-02,TRUE,46,100,1,1
3,48.6314,8.0739,3,48.1372,11.5755,212.8229137,2023-02-22,2023-02-01,2023-03-02,TRUE,66,100,1,1
8,48.45,11.1333,3,48.1372,11.5755,43.35761271,2023-02-12,2023-02-01,2023-03-02,TRUE,41,100,1,1
79,53.3333,8.4833,1,52.5167,13.3833,353.9806497,2023-01-04,2023-01-01,2023-02-02,TRUE,26,100,1,1
118,52.6072,8.3711,2,50.9422,6.9578,221.6197387,2023-01-23,2023-01-15,2023-02-16,TRUE,56,100,1,1
201,51.5713,6.9827,10,50.9422,6.9578,69.86333904,2023-02-24,2023-02-01,2023-03-02,TRUE,64,100,1,1
208,51.0883,6.5875,5,50.9422,6.9578,35.91526721,2023-01-05,2023-01-01,2023-02-02,TRUE,12,22,2,1
227,50.0697,8.4862,2,50.9422,6.9578,163.9325239,2023-02-03,2023-01-15,2023-02-16,TRUE,59,100,1,1
237,51.3833,7.7667,2,50.9422,6.9578,85.42544403,2023-01-22,2023-01-15,2023-02-16,TRUE,29,100,1,1
283,51.5833,6.25,8,50.9422,6.9578,93.89306342,2023-02-21,2023-02-01,2023-03-02,TRUE,21,21,3,1
320,51.0333,6.9833,10,50.9422,6.9578,10.3500875,2023-02-21,2023-02-01,2023-03-02,TRUE,41,100,1,1
324,52.5233,7.3172,2,50.9422,6.9578,178.2367342,2023-02-02,2023-01-15,2023-02-16,TRUE,48,100,1,1
341,47.7667,10.6167,9,48.1372,11.5755,69.7253641,2023-01-08,2023-01-01,2023-02-02,TRUE,16,21,3,1
361,48.1372,11.5755,3,48.1372,11.5755,0,2023-02-27,2023-02-01,2023-03-02,TRUE,28,100,1,1
382,52.6461,9.2208,2,50.9422,6.9578,272.2569853,2023-01-25,2023-01-15,2023-02-16,TRUE,59,100,1,1
517,48.3984,9.9916,3,48.1372,11.5755,97.42857338,2023-03-01,2023-02-01,2023-03-02,TRUE,25,100,1,1
526,49.538,8.5792,2,50.9422,6.9578,209.7200034,2023-02-12,2023-01-15,2023-02-16,TRUE,37,100,1,1
552,51.3881,7.395,1,52.5167,13.3833,436.5385488,2023-01-09,2023-01-01,2023-02-02,TRUE,39,100,1,1
558,51.2631,6.5492,5,50.9422,6.9578,50.19064924,2023-01-20,2023-01-01,2023-02-02,TRUE,20,22,2,1
14,49.4444,11.8483,1,52.5167,13.3833,357.4752148,2023-01-25,2023-01-01,2023-02-02,TRUE,43,100,1,1
51,49.8917,10.8917,1,52.5167,13.3833,339.3721008,2023-01-03,2023-01-01,2023-02-02,TRUE,66,100,1,1
64,48.0981,9.7886,1,52.5167,13.3833,550.9716838,2023-01-09,2023-01-01,2023-02-02,TRUE,48,100,1,1
92,53.4769,9.7011,1,52.5167,13.3833,278.3506497,2023-01-08,2023-01-01,2023-02-02,TRUE,32,100,1,1
128,51.05,13.74,3,48.1372,11.5755,347.4095478,2023-02-21,2023-02-01,2023-03-02,TRUE,32,100,1,1
130,48.0833,11.9667,3,48.1372,11.5755,23.73952579,2023-02-08,2023-02-01,2023-03-02,TRUE,23,100,1,1
160,48.6667,9.2167,3,48.1372,11.5755,150.4739881,2023-02-10,2023-02-01,2023-03-02,TRUE,44,100,1,1
204,50.9489,10.7183,1,52.5167,13.3833,254.7928757,2023-01-06,2023-01-01,2023-02-02,TRUE,51,100,1,1
226,52.3744,9.7386,1,52.5167,13.3833,255.0077109,2023-01-05,2023-01-01,2023-02-02,TRUE,59,100,1,1
257,54.4769,9.0511,4,52.5167,13.3833,372.6460683,2023-01-25,2023-01-15,2023-02-16,TRUE,18,22,2,1
262,51.3833,7.6667,5,50.9422,6.9578,78.49089632,2023-01-02,2023-01-01,2023-02-02,TRUE,15,22,2,1
270,49.4447,7.7689,2,50.9422,6.9578,180.4351121,2023-01-26,2023-01-15,2023-02-16,TRUE,59,100,1,1
348,47.9878,10.1811,2,50.9422,6.9578,430.525423,2023-01-22,2023-01-15,2023-02-16,TRUE,29,100,1,1
354,47.789,11.8338,3,48.1372,11.5755,41.52019915,2023-02-27,2023-02-01,2023-03-02,TRUE,27,100,1,1
282,50.8719,6.6961,5,50.9422,6.9578,23.95395969,2023-01-11,2023-01-01,2023-02-02,TRUE,17,22,2,1
294,51.3333,6.5667,2,50.9422,6.9578,55.04659166,2023-01-24,2023-01-15,2023-02-16,TRUE,33,100,1,1
438,50.6256,6.9491,2,50.9422,6.9578,35.150664,2023-01-19,2023-01-15,2023-02-16,TRUE,42,100,1,1
474,52.3961,9.5981,2,50.9422,6.9578,279.7353745,2023-02-09,2023-01-15,2023-02-16,TRUE,57,100,1,1
524,52.9234,9.2349,7,52.5167,13.3833,293.1889663,2023-02-05,2023-02-01,2023-03-02,TRUE,18,21,3,1
22,51.75,11.4667,1,52.5167,13.3833,158.6063702,2023-01-28,2023-01-01,2023-02-02,TRUE,27,100,1,1
23,48.3717,10.8983,1,52.5167,13.3833,491.7329233,2023-01-11,2023-01-01,2023-02-02,TRUE,63,100,1,1
24,53.4714,7.4836,10,50.9422,6.9578,284.4047857,2023-02-24,2023-02-01,2023-03-02,TRUE,59,100,1,1
83,53.1153,8.7975,5,50.9422,6.9578,289.0170421,2023-01-02,2023-01-01,2023-02-02,TRUE,21,22,2,1
115,53.0506,8.6317,1,52.5167,13.3833,337.0662035,2023-01-14,2023-01-01,2023-02-02,TRUE,25,100,1,1
174,48.35,10.9833,2,50.9422,6.9578,451.8275749,2023-01-17,2023-01-15,2023-02-16,TRUE,35,100,1,1
284,54.3233,10.1394,1,52.5167,13.3833,302.5373045,2023-01-06,2023-01-01,2023-02-02,TRUE,31,100,1,1
300,52.3077,9.8133,10,50.9422,6.9578,289.8936156,2023-02-23,2023-02-01,2023-03-02,TRUE,30,100,1,1
353,51.25,6.9667,2,50.9422,6.9578,34.17448019,2023-01-21,2023-01-15,2023-02-16,TRUE,32,100,1,1
359,50.4375,7.8258,2,50.9422,6.9578,93.70618619,2023-02-11,2023-01-15,2023-02-16,TRUE,66,100,1,1
400,48.7228,9.2631,3,48.1372,11.5755,150.5513792,2023-02-25,2023-02-01,2023-03-02,TRUE,16,100,1,1
424,47.7369,8.9697,3,48.1372,11.5755,159.3461803,2023-02-17,2023-02-01,2023-03-02,TRUE,53,100,1,1
454,52.1503,10.3593,10,50.9422,6.9578,323.4690317,2023-02-20,2023-02-01,2023-03-02,TRUE,44,100,1,1
467,49.3236,12.0993,1,52.5167,13.3833,365.5999208,2023-01-21,2023-01-01,2023-02-02,TRUE,48,100,1,1
546,51.1392,7.2051,10,50.9422,6.9578,30.59697296,2023-02-24,2023-02-01,2023-03-02,TRUE,34,100,1,1
29,50.3381,7.7106,10,50.9422,6.9578,93.49054016,2023-02-24,2023-02-01,2023-03-02,TRUE,46,100,1,1
37,50.5447,7.1133,2,50.9422,6.9578,46.12896852,2023-02-04,2023-01-15,2023-02-16,TRUE,49,100,1,1
38,50.3219,10.2161,6,48.1372,11.5755,255.303818,2023-02-15,2023-01-15,2023-02-16,TRUE,15,22,2,1
52,52.3031,9.4606,10,50.9422,6.9578,264.0652671,2023-02-20,2023-02-01,2023-03-02,TRUE,42,100,1,1
82,52.2692,10.5211,1,52.5167,13.3833,201.7534223,2023-01-26,2023-01-01,2023-02-02,TRUE,47,100,1,1
97,50.8333,12.9167,3,48.1372,11.5755,309.4580079,2023-02-06,2023-02-01,2023-03-02,TRUE,49,100,1,1
138,53.3669,7.2061,2,50.9422,6.9578,269.9981024,2023-01-20,2023-01-15,2023-02-16,TRUE,65,100,1,1
232,51.3775,10.1344,4,52.5167,13.3833,259.7377823,2023-01-31,2023-01-15,2023-02-16,TRUE,16,22,2,1
277,48.5711,7.8089,3,48.1372,11.5755,226.37662,2023-02-09,2023-02-01,2023-03-02,TRUE,32,100,1,1
404,53.4167,11.8333,10,50.9422,6.9578,503.4495355,2023-02-26,2023-02-01,2023-03-02,TRUE,37,100,1,1
432,49.0167,12.0833,1,52.5167,13.3833,398.9657095,2023-01-14,2023-01-01,2023-02-02,TRUE,63,100,1,1
449,49.2461,11.0911,6,48.1372,11.5755,126.3322208,2023-02-02,2023-01-15,2023-02-16,TRUE,16,22,2,1
468,53.0631,14.2831,1,52.5167,13.3833,87.33114977,2023-01-11,2023-01-01,2023-02-02,TRUE,66,100,1,1
521,48.9328,8.9564,2,50.9422,6.9578,282.24559,2023-01-21,2023-01-15,2023-02-16,TRUE,60,100,1,1
555,50.0825,8.24,8,50.9422,6.9578,146.35062,2023-02-16,2023-02-01,2023-03-02,TRUE,13,21,3,1
40,53.8117,10.3742,10,50.9422,6.9578,434.582465,2023-02-22,2023-02-01,2023-03-02,TRUE,60,100,1,1
59,50.9667,6.65,8,50.9422,6.9578,26.77523326,2023-02-17,2023-02-01,2023-03-02,TRUE,17,21,3,1
63,51.8,11.7333,1,52.5167,13.3833,140.0186679,2023-02-01,2023-01-01,2023-02-02,TRUE,27,100,1,1
129,51.4322,6.7611,2,50.9422,6.9578,56.99148635,2023-02-09,2023-01-15,2023-02-16,TRUE,25,100,1,1
132,48.2833,9.7236,2,50.9422,6.9578,379.9932518,2023-01-18,2023-01-15,2023-02-16,TRUE,50,100,1,1
155,54.1378,10.6181,2,50.9422,6.9578,475.5595427,2023-02-14,2023-01-15,2023-02-16,TRUE,26,100,1,1
234,51.3265,6.971,2,50.9422,6.9578,42.67259229,2023-01-31,2023-01-15,2023-02-16,TRUE,49,100,1,1
265,50.9272,11.5864,1,52.5167,13.3833,216.5059203,2023-01-08,2023-01-01,2023-02-02,TRUE,60,100,1,1
293,51.1833,6.5167,10,50.9422,6.9578,46.61915439,2023-02-23,2023-02-01,2023-03-02,TRUE,31,100,1,1
313,51.1167,7.0167,2,50.9422,6.9578,20.02894316,2023-01-28,2023-01-15,2023-02-16,TRUE,53,100,1,1
327,52.6667,8.2386,1,52.5167,13.3833,359.6522292,2023-01-07,2023-01-01,2023-02-02,TRUE,64,100,1,1
343,50.6,6.65,2,50.9422,6.9578,46.39306937,2023-02-14,2023-01-15,2023-02-16,TRUE,28,100,1,1
387,51.7067,10.0011,2,50.9422,6.9578,276.6986431,2023-02-03,2023-01-15,2023-02-16,TRUE,25,100,1,1
388,49.4539,11.0775,3,48.1372,11.5755,149.050927,2023-02-23,2023-02-01,2023-03-02,TRUE,41,100,1,1
402,51.7167,8.7667,5,50.9422,6.9578,178.5938665,2023-01-20,2023-01-01,2023-02-02,TRUE,19,22,2,1
406,52.3203,10.2336,2,50.9422,6.9578,322.1232224,2023-02-09,2023-01-15,2023-02-16,TRUE,24,100,1,1
441,47.5611,7.7917,2,50.9422,6.9578,382.1772628,2023-01-24,2023-01-15,2023-02-16,TRUE,66,100,1,1
512,47.8683,12.6433,9,48.1372,11.5755,69.44795016,2023-01-15,2023-01-01,2023-02-02,TRUE,19,21,3,1
514,50.8161,7.1556,1,52.5167,13.3833,474.0955184,2023-01-03,2023-01-01,2023-02-02,TRUE,66,100,1,1
525,51.8831,8.5167,2,50.9422,6.9578,170.608658,2023-02-11,2023-01-15,2023-02-16,TRUE,62,100,1,1
33,50.645,7.2269,2,50.9422,6.9578,40.38074219,2023-02-04,2023-01-15,2023-02-16,TRUE,30,100,1,1
44,50.1401,8.0694,10,50.9422,6.9578,131.0753705,2023-02-20,2023-02-01,2023-03-02,TRUE,50,100,1,1
62,52.5167,13.3833,1,52.5167,13.3833,0,2023-01-24,2023-01-01,2023-02-02,TRUE,39,100,1,1
66,48.9667,9.1333,3,48.1372,11.5755,170.4304469,2023-02-11,2023-02-01,2023-03-02,TRUE,23,100,1,1
85,49.0364,8.7061,1,52.5167,13.3833,505.8839585,2023-01-04,2023-01-01,2023-02-02,TRUE,43,100,1,1
218,51.8958,11.0467,1,52.5167,13.3833,177.1285077,2023-01-25,2023-01-01,2023-02-02,TRUE,27,100,1,1
247,50.4261,10.7289,3,48.1372,11.5755,258.8865428,2023-02-23,2023-02-01,2023-03-02,TRUE,55,100,1,1
251,50.0876,8.4447,2,50.9422,6.9578,159.8619016,2023-02-10,2023-01-15,2023-02-16,TRUE,34,100,1,1
280,51.3658,6.4194,2,50.9422,6.9578,66.1945875,2023-02-09,2023-01-15,2023-02-16,TRUE,65,100,1,1
381,50.8167,7.0333,2,50.9422,6.9578,15.38662407,2023-02-13,2023-01-15,2023-02-16,TRUE,37,100,1,1
394,48.4708,7.9408,3,48.1372,11.5755,216.6361839,2023-02-22,2023-02-01,2023-03-02,TRUE,54,100,1,1
469,50.05,10.2333,1,52.5167,13.3833,351.2209254,2023-01-14,2023-01-01,2023-02-02,TRUE,30,100,1,1
501,53.0167,8.75,10,50.9422,6.9578,277.6304711,2023-02-27,2023-02-01,2023-03-02,TRUE,48,100,1,1
554,52.9936,8.8733,2,50.9422,6.9578,281.6523881,2023-01-30,2023-01-15,2023-02-16,TRUE,51,100,1,1
557,53.5167,8.1333,1,52.5167,13.3833,383.0550886,2023-01-07,2023-01-01,2023-02-02,TRUE,47,100,1,1
358,51.4592,6.6197,2,50.9422,6.9578,64.41545917,2023-01-25,2023-01-15,2023-02-16,TRUE,24,100,1,1
510,49.8789,12.3369,9,48.1372,11.5755,198.432009,2023-01-05,2023-01-01,2023-02-02,TRUE,18,21,3,1
513,49.7567,6.6414,1,52.5167,13.3833,561.7043786,2023-01-14,2023-01-01,2023-02-02,TRUE,28,100,1,1
571,51.2667,7.1833,1,52.5167,13.3833,454.6499214,2023-01-11,2023-01-01,2023-02-02,TRUE,28,100,1,1
572,51.0478,12.1383,4,52.5167,13.3833,184.7793509,2023-01-25,2023-01-15,2023-02-16,TRUE,15,22,2,1
30,52.8675,9.6967,10,50.9422,6.9578,319.140689,2023-02-23,2023-02-01,2023-03-02,TRUE,63,100,1,1
103,51.7606,14.3342,1,52.5167,13.3833,107.0196099,2023-01-08,2023-01-01,2023-02-02,TRUE,46,100,1,1
110,49.8667,8.65,8,50.9422,6.9578,188.9361279,2023-02-14,2023-02-01,2023-03-02,TRUE,21,21,3,1
143,48.3001,11.9082,6,48.1372,11.5755,26.62107934,2023-02-11,2023-01-15,2023-02-16,TRUE,13,22,2,1
144,50.8167,6.7667,10,50.9422,6.9578,21.62296141,2023-02-26,2023-02-01,2023-03-02,TRUE,50,100,1,1
170,48.4028,11.7489,3,48.1372,11.5755,31.19065122,2023-02-02,2023-02-01,2023-03-02,TRUE,45,100,1,1
230,49.4122,8.71,3,48.1372,11.5755,219.8780659,2023-02-21,2023-02-01,2023-03-02,TRUE,21,100,1,1
242,51.5426,7.219,10,50.9422,6.9578,70.37342351,2023-02-23,2023-02-01,2023-03-02,TRUE,58,100,1,1
256,51.4331,14.25,1,52.5167,13.3833,134.6488127,2023-01-13,2023-01-01,2023-02-02,TRUE,40,100,1,1
291,51.2719,8.8731,2,50.9422,6.9578,169.7406822,2023-01-24,2023-01-15,2023-02-16,TRUE,28,100,1,1
303,49.1994,8.1231,10,50.9422,6.9578,218.1576325,2023-02-17,2023-02-01,2023-03-02,TRUE,42,100,1,1
329,48.8975,9.1919,1,52.5167,13.3833,497.0498602,2023-01-02,2023-01-01,2023-02-02,TRUE,25,100,1,1
360,49.35,9.1333,3,48.1372,11.5755,196.7017628,2023-02-03,2023-02-01,2023-03-02,TRUE,63,100,1,1
415,50.9622,13.9403,1,52.5167,13.3833,176.8792752,2023-01-13,2023-01-01,2023-02-02,TRUE,35,100,1,1
446,47.8561,12.1289,3,48.1372,11.5755,45.05241762,2023-02-15,2023-02-01,2023-03-02,TRUE,50,100,1,1
466,49.3292,11.0208,3,48.1372,11.5755,136.2629168,2023-02-13,2023-02-01,2023-03-02,TRUE,64,100,1,1
490,52.2167,9.55,10,50.9422,6.9578,265.2097174,2023-02-18,2023-02-01,2023-03-02,TRUE,62,100,1,1
15,50.4397,7.4017,2,50.9422,6.9578,67.72608725,2023-02-01,2023-01-15,2023-02-16,TRUE,45,100,1,1
27,48.9464,9.4306,3,48.1372,11.5755,154.704932,2023-02-09,2023-02-01,2023-03-02,TRUE,60,100,1,1
147,51.2239,6.9147,5,50.9422,6.9578,31.49036845,2023-01-19,2023-01-01,2023-02-02,TRUE,20,22,2,1
190,48.6244,9.8306,1,52.5167,13.3833,498.2103122,2023-01-10,2023-01-01,2023-02-02,TRUE,46,100,1,1
197,49.2167,8.3667,6,48.1372,11.5755,223.3078785,2023-02-02,2023-01-15,2023-02-16,TRUE,22,22,2,1
235,51.0631,6.0964,1,52.5167,13.3833,533.829329,2023-01-05,2023-01-01,2023-02-02,TRUE,40,100,1,1
289,50.3597,7.5978,1,52.5167,13.3833,469.631317,2023-01-11,2023-01-01,2023-02-02,TRUE,41,100,1,1
323,47.5458,9.6839,2,50.9422,6.9578,444.7302222,2023-01-24,2023-01-15,2023-02-16,TRUE,28,100,1,1
344,51.2667,6.6667,2,50.9422,6.9578,43.95474107,2023-01-21,2023-01-15,2023-02-16,TRUE,48,100,1,1
351,49.4471,6.6312,2,50.9422,6.9578,168.3456687,2023-02-07,2023-01-15,2023-02-16,TRUE,40,100,1,1
363,51.1521,11.8098,1,52.5167,13.3833,187.1289127,2023-01-16,2023-01-01,2023-02-02,TRUE,57,100,1,1
389,51.4699,6.8514,10,50.9422,6.9578,59.29400089,2023-02-21,2023-02-01,2023-03-02,TRUE,65,100,1,1
391,51.8258,8.1436,5,50.9422,6.9578,141.9510537,2023-01-09,2023-01-01,2023-02-02,TRUE,15,22,2,1
395,53.1439,8.2139,5,50.9422,6.9578,267.4732506,2023-01-04,2023-01-01,2023-02-02,TRUE,22,22,2,1
409,48.5333,11.5167,1,52.5167,13.3833,460.9707768,2023-01-17,2023-01-01,2023-02-02,TRUE,51,100,1,1
489,49.3194,8.4311,10,50.9422,6.9578,220.6873361,2023-02-02,2023-02-01,2023-03-02,TRUE,42,100,1,1
569,50.0374,11.9994,1,52.5167,13.3833,291.6775503,2023-01-09,2023-01-01,2023-02-02,TRUE,26,100,1,1
10,50.8744,6.1615,2,50.9422,6.9578,69.32090086,2023-02-13,2023-01-15,2023-02-16,TRUE,40,100,1,1
16,50.58,13.0022,1,52.5167,13.3833,216.6147496,2023-01-20,2023-01-01,2023-02-02,TRUE,45,100,1,1
19,51.3967,8.0644,10,50.9422,6.9578,108.2402467,2023-02-19,2023-02-01,2023-03-02,TRUE,47,100,1,1
76,50.7592,7.005,10,50.9422,6.9578,20.71961245,2023-02-26,2023-02-01,2023-03-02,TRUE,36,100,1,1
113,48.8353,12.9644,1,52.5167,13.3833,409.6811143,2023-01-02,2023-01-01,2023-02-02,TRUE,26,100,1,1
131,52.8331,13.8331,3,48.1372,11.5755,537.8411417,2023-02-14,2023-02-01,2023-03-02,TRUE,24,100,1,1
187,47.4921,11.0958,1,52.5167,13.3833,580.1558302,2023-01-05,2023-01-01,2023-02-02,TRUE,59,100,1,1
191,51.5197,6.3325,2,50.9422,6.9578,83.88887732,2023-02-11,2023-01-15,2023-02-16,TRUE,25,100,1,1
200,52.4886,10.5464,1,52.5167,13.3833,198.132017,2023-01-09,2023-01-01,2023-02-02,TRUE,58,100,1,1
223,51.6667,7.8167,2,50.9422,6.9578,109.5081085,2023-02-07,2023-01-15,2023-02-16,TRUE,55,100,1,1
225,50.1328,8.9169,10,50.9422,6.9578,191.873127,2023-02-25,2023-02-01,2023-03-02,TRUE,29,100,1,1
244,51.6,7.1333,5,50.9422,6.9578,74.57862422,2023-01-17,2023-01-01,2023-02-02,TRUE,19,22,2,1
297,50.1,11.4333,1,52.5167,13.3833,300.8374464,2023-01-15,2023-01-01,2023-02-02,TRUE,32,100,1,1
376,49.58,10.6089,3,48.1372,11.5755,169.9128906,2023-02-15,2023-02-01,2023-03-02,TRUE,29,100,1,1
383,53.5,8.4667,2,50.9422,6.9578,312.5044959,2023-02-07,2023-01-15,2023-02-16,TRUE,62,100,1,1
410,48.4419,12.9443,1,52.5167,13.3833,453.3405326,2023-01-21,2023-01-01,2023-02-02,TRUE,53,100,1,1
443,51.8,8.4333,2,50.9422,6.9578,159.2809713,2023-02-05,2023-01-15,2023-02-16,TRUE,54,100,1,1
455,52.85,11.15,1,52.5167,13.3833,160.2847486,2023-01-24,2023-01-01,2023-02-02,TRUE,58,100,1,1
534,51.9539,7.9933,2,50.9422,6.9578,143.6704292,2023-01-26,2023-01-15,2023-02-16,TRUE,32,100,1,1
551,53.25,7.9167,2,50.9422,6.9578,269.2712455,2023-02-04,2023-01-15,2023-02-16,TRUE,60,100,1,1
564,49.9869,6.8897,5,50.9422,6.9578,106.2019411,2023-01-05,2023-01-01,2023-02-02,TRUE,21,22,2,1
35,49.8469,7.8669,10,50.9422,6.9578,144.8126088,2023-02-16,2023-02-01,2023-03-02,TRUE,58,100,1,1
89,52.2725,11.855,1,52.5167,13.3833,110.1132733,2023-01-07,2023-01-01,2023-02-02,TRUE,22,100,1,1
101,51.9458,7.1675,2,50.9422,6.9578,112.8680396,2023-01-20,2023-01-15,2023-02-16,TRUE,50,100,1,1
216,51.1931,7.0131,10,50.9422,6.9578,28.25807977,2023-02-23,2023-02-01,2023-03-02,TRUE,48,100,1,1
279,50.138,8.4525,10,50.9422,6.9578,157.162073,2023-02-27,2023-02-01,2023-03-02,TRUE,48,100,1,1
456,51.4667,11.3,7,52.5167,13.3833,186.4104415,2023-02-28,2023-02-01,2023-03-02,TRUE,19,21,3,1
533,51.6236,7.3972,10,50.9422,6.9578,84.65600588,2023-02-24,2023-02-01,2023-03-02,TRUE,41,100,1,1
541,47.8333,11.1333,2,50.9422,6.9578,499.6553635,2023-01-29,2023-01-15,2023-02-16,TRUE,24,100,1,1
2,48.8372,10.0936,2,50.9422,6.9578,358.1007493,2023-01-28,2023-01-15,2023-02-16,TRUE,33,100,1,1
146,51.08,6.3156,10,50.9422,6.9578,57.64195927,2023-02-20,2023-02-01,2023-03-02,TRUE,23,100,1,1
163,51.7333,14.6333,3,48.1372,11.5755,437.6980461,2023-02-21,2023-02-01,2023-03-02,TRUE,23,100,1,1
177,47.6542,9.4792,2,50.9422,6.9578,425.2209592,2023-01-23,2023-01-15,2023-02-16,TRUE,66,100,1,1
239,53.7833,10,10,50.9422,6.9578,410.809112,2023-02-24,2023-02-01,2023-03-02,TRUE,25,100,1,1
317,52.0277,8.9043,2,50.9422,6.9578,207.1059665,2023-02-01,2023-01-15,2023-02-16,TRUE,32,100,1,1
373,52.9222,12.8,3,48.1372,11.5755,535.9806617,2023-02-06,2023-02-01,2023-03-02,TRUE,64,100,1,1
401,50.9328,7.2839,5,50.9422,6.9578,28.23971835,2023-01-07,2023-01-01,2023-02-02,TRUE,15,22,2,1
448,53.1113,9.4108,10,50.9422,6.9578,320.9880494,2023-02-16,2023-02-01,2023-03-02,TRUE,52,100,1,1
547,51.835,10.7853,4,52.5167,13.3833,196.5721367,2023-01-26,2023-01-15,2023-02-16,TRUE,16,22,2,1
49,50.9,6.1833,2,50.9422,6.9578,67.188102,2023-01-28,2023-01-15,2023-02-16,TRUE,40,100,1,1
55,49.9481,11.5783,1,52.5167,13.3833,311.7343282,2023-01-25,2023-01-01,2023-02-02,TRUE,25,100,1,1
84,53.55,8.5833,2,50.9422,6.9578,321.8359102,2023-02-10,2023-01-15,2023-02-16,TRUE,29,100,1,1
91,50.4367,8.6622,2,50.9422,6.9578,157.8096301,2023-01-21,2023-01-15,2023-02-16,TRUE,44,100,1,1
224,51.7319,6.5908,10,50.9422,6.9578,93.2329751,2023-02-21,2023-02-01,2023-03-02,TRUE,33,100,1,1
245,51.6831,13.2331,1,52.5167,13.3833,93.12219004,2023-01-11,2023-01-01,2023-02-02,TRUE,59,100,1,1
319,48.8014,9.0131,3,48.1372,11.5755,167.5676329,2023-02-13,2023-02-01,2023-03-02,TRUE,50,100,1,1
405,48.5667,13.4667,9,48.1372,11.5755,120.8609469,2023-01-26,2023-01-01,2023-02-02,TRUE,15,21,3,1
439,51.5467,6.6006,2,50.9422,6.9578,73.87748381,2023-02-10,2023-01-15,2023-02-16,TRUE,41,100,1,1
493,52.3247,9.2069,10,50.9422,6.9578,247.8550339,2023-02-25,2023-02-01,2023-03-02,TRUE,59,100,1,1
527,51.2556,6.3917,5,50.9422,6.9578,60.08467545,2023-01-12,2023-01-01,2023-02-02,TRUE,18,22,2,1
528,48.0603,8.4586,9,48.1372,11.5755,183.2390764,2023-01-04,2023-01-01,2023-02-02,TRUE,18,21,3,1
544,49.9,8.6,8,50.9422,6.9578,183.2468797,2023-02-15,2023-02-01,2023-03-02,TRUE,16,21,3,1
545,51.5528,7.9139,2,50.9422,6.9578,106.9560558,2023-01-19,2023-01-15,2023-02-16,TRUE,27,100,1,1
12,50.6872,7.6456,8,50.9422,6.9578,65.90904316,2023-02-11,2023-02-01,2023-03-02,TRUE,20,21,3,1
43,50.8117,10.2333,2,50.9422,6.9578,283.8290607,2023-02-12,2023-01-15,2023-02-16,TRUE,59,100,1,1
105,53.8667,8.7,8,50.9422,6.9578,357.923167,2023-02-07,2023-02-01,2023-03-02,TRUE,13,21,3,1
112,50.1986,6.8319,2,50.9422,6.9578,83.2555874,2023-01-30,2023-01-15,2023-02-16,TRUE,51,100,1,1
161,54.7819,9.4367,2,50.9422,6.9578,477.1497237,2023-02-10,2023-01-15,2023-02-16,TRUE,27,100,1,1
188,53.4375,10.3675,1,52.5167,13.3833,234.092288,2023-01-07,2023-01-01,2023-02-02,TRUE,26,100,1,1
192,51.5167,7.1,2,50.9422,6.9578,64.94600605,2023-01-29,2023-01-15,2023-02-16,TRUE,47,100,1,1
222,52.1031,9.36,2,50.9422,6.9578,244.5829798,2023-01-15,2023-01-15,2023-02-16,TRUE,64,100,1,1
241,52.1146,8.6734,10,50.9422,6.9578,197.428047,2023-02-17,2023-02-01,2023-03-02,TRUE,59,100,1,1
338,50,8.2667,1,52.5167,13.3833,453.5469913,2023-01-03,2023-01-01,2023-02-02,TRUE,30,100,1,1
342,51.6667,7.1167,5,50.9422,6.9578,81.58669125,2023-01-02,2023-01-01,2023-02-02,TRUE,14,22,2,1
352,51.3503,8.2836,2,50.9422,6.9578,123.3524483,2023-01-25,2023-01-15,2023-02-16,TRUE,66,100,1,1
371,49.2833,11.4667,1,52.5167,13.3833,383.0507312,2023-01-02,2023-01-01,2023-02-02,TRUE,43,100,1,1
411,48.895,8.705,2,50.9422,6.9578,272.945945,2023-01-23,2023-01-15,2023-02-16,TRUE,55,100,1,1
479,50.8756,8.0167,1,52.5167,13.3833,416.6892178,2023-01-10,2023-01-01,2023-02-02,TRUE,65,100,1,1
503,50.6106,10.6931,3,48.1372,11.5755,279.3948519,2023-02-01,2023-02-01,2023-03-02,TRUE,23,100,1,1
4,53.013,9.033,1,52.5167,13.3833,308.7462984,2023-01-08,2023-01-01,2023-02-02,TRUE,54,100,1,1
18,51.0247,11.5139,1,52.5167,13.3833,210.8773055,2023-01-06,2023-01-01,2023-02-02,TRUE,32,100,1,1
68,49.65,7.1833,5,50.9422,6.9578,144.7556183,2023-01-25,2023-01-01,2023-02-02,TRUE,22,22,2,1
72,51.8333,6.6167,2,50.9422,6.9578,103.2228017,2023-02-15,2023-01-15,2023-02-16,TRUE,22,100,1,1
158,52.5583,13.0917,3,48.1372,11.5755,498.7541899,2023-02-09,2023-02-01,2023-03-02,TRUE,64,100,1,1
165,50.1136,8.6797,2,50.9422,6.9578,175.1110008,2023-02-04,2023-01-15,2023-02-16,TRUE,38,100,1,1
205,54.0833,13.3833,1,52.5167,13.3833,173.8926,2023-01-08,2023-01-01,2023-02-02,TRUE,12,100,1,1
212,52.2125,7.0417,1,52.5167,13.3833,444.1344197,2023-01-10,2023-01-01,2023-02-02,TRUE,62,100,1,1
274,49.9603,9.7724,3,48.1372,11.5755,228.3929078,2023-02-20,2023-02-01,2023-03-02,TRUE,63,100,1,1
276,47.88,10.6225,2,50.9422,6.9578,464.8793351,2023-01-25,2023-01-15,2023-02-16,TRUE,35,100,1,1
296,50.2411,11.3281,1,52.5167,13.3833,290.5174046,2023-01-31,2023-01-01,2023-02-02,TRUE,47,100,1,1
311,53.2308,7.4528,5,50.9422,6.9578,257.6209982,2023-01-27,2023-01-01,2023-02-02,TRUE,22,22,2,1
328,52.0831,13.1667,3,48.1372,11.5755,447.8517466,2023-02-13,2023-02-01,2023-03-02,TRUE,24,100,1,1
330,52.2997,13.2667,7,52.5167,13.3833,25.42603274,2023-02-11,2023-02-01,2023-03-02,TRUE,17,21,3,1
428,53.7017,10.7567,1,52.5167,13.3833,225.7099511,2023-01-26,2023-01-01,2023-02-02,TRUE,36,100,1,1
445,50.0256,8.8841,5,50.9422,6.9578,195.2962008,2023-01-06,2023-01-01,2023-02-02,TRUE,14,22,2,1
447,54.0833,12.1333,1,52.5167,13.3833,194.5719976,2023-01-14,2023-01-01,2023-02-02,TRUE,42,100,1,1
11,50.985,12.4333,3,48.1372,11.5755,320.0944438,2023-02-07,2023-02-01,2023-03-02,TRUE,35,100,1,1
34,50.2,10.0667,3,48.1372,11.5755,245.5165226,2023-02-13,2023-02-01,2023-03-02,TRUE,27,100,1,1
69,49.9747,6.5256,2,50.9422,6.9578,113.7192907,2023-01-21,2023-01-15,2023-02-16,TRUE,58,100,1,1
117,51.9378,8.8833,2,50.9422,6.9578,199.9469582,2023-01-16,2023-01-15,2023-02-16,TRUE,44,100,1,1
124,51.0964,6.84,1,52.5167,13.3833,483.366741,2023-01-06,2023-01-01,2023-02-02,TRUE,31,100,1,1
246,50.8667,6.1,2,50.9422,6.9578,74.70488983,2023-02-08,2023-01-15,2023-02-16,TRUE,28,100,1,1
252,52.6667,13.2831,1,52.5167,13.3833,18.06054715,2023-01-25,2023-01-01,2023-02-02,TRUE,61,100,1,1
287,49.7333,10.1667,2,50.9422,6.9578,308.4173733,2023-01-30,2023-01-15,2023-02-16,TRUE,48,100,1,1
340,50.8167,8.7667,2,50.9422,6.9578,157.1593874,2023-01-20,2023-01-15,2023-02-16,TRUE,56,100,1,1
480,48.0867,9.2164,6,48.1372,11.5755,138.6516569,2023-02-12,2023-01-15,2023-02-16,TRUE,14,22,2,1
481,49.9833,7.5167,5,50.9422,6.9578,116.9118061,2023-01-10,2023-01-01,2023-02-02,TRUE,16,22,2,1
486,51.3667,10.8667,1,52.5167,13.3833,217.2075607,2023-02-01,2023-01-01,2023-02-02,TRUE,28,100,1,1
497,50.7667,6.2333,1,52.5167,13.3833,535.7565031,2023-01-03,2023-01-01,2023-02-02,TRUE,25,100,1,1
500,52.5808,13.8814,3,48.1372,11.5755,511.4902623,2023-02-06,2023-02-01,2023-03-02,TRUE,28,100,1,1
549,51.6586,6.6178,8,50.9422,6.9578,84.78930607,2023-02-19,2023-02-01,2023-03-02,TRUE,19,21,3,1
563,51.8671,12.6484,1,52.5167,13.3833,88.50390208,2023-01-14,2023-01-01,2023-02-02,TRUE,51,100,1,1
567,52.4231,10.7872,1,52.5167,13.3833,181.5892916,2023-01-18,2023-01-01,2023-02-02,TRUE,46,100,1,1
574,50.8961,14.8072,3,48.1372,11.5755,360.2759766,2023-02-14,2023-02-01,2023-03-02,TRUE,46,100,1,1
42,52.0875,8.7506,1,52.5167,13.3833,327.0015056,2023-01-03,2023-01-01,2023-02-02,TRUE,35,100,1,1
47,53.1836,8.0097,10,50.9422,6.9578,264.9258766,2023-02-21,2023-02-01,2023-03-02,TRUE,30,100,1,1
81,52.4117,12.5561,3,48.1372,11.5755,477.9512847,2023-02-05,2023-02-01,2023-03-02,TRUE,32,100,1,1
87,49.1333,8.6,9,48.1372,11.5755,206.7798422,2023-01-03,2023-01-01,2023-02-02,TRUE,13,21,3,1
168,50.9119,13.3428,3,48.1372,11.5755,325.0079587,2023-02-20,2023-02-01,2023-03-02,TRUE,22,100,1,1
171,51.0167,13.65,4,52.5167,13.3833,167.5383966,2023-01-24,2023-01-15,2023-02-16,TRUE,20,22,2,1
217,51.3594,7.475,10,50.9422,6.9578,64.40363053,2023-02-27,2023-02-01,2023-03-02,TRUE,48,100,1,1
229,54.1961,9.0933,4,52.5167,13.3833,352.8436824,2023-01-23,2023-01-15,2023-02-16,TRUE,21,22,2,1
321,50.1333,11.0333,3,48.1372,11.5755,223.8432753,2023-02-15,2023-02-01,2023-03-02,TRUE,35,100,1,1
350,51.3544,11.9928,3,48.1372,11.5755,357.9490512,2023-02-19,2023-02-01,2023-03-02,TRUE,51,100,1,1
356,48.0333,10.4667,3,48.1372,11.5755,66.12780446,2023-02-23,2023-02-01,2023-03-02,TRUE,13,100,1,1
367,48.3833,10,2,50.9422,6.9578,387.2833601,2023-01-28,2023-01-15,2023-02-16,TRUE,49,100,1,1
392,51.6422,7.2508,10,50.9422,6.9578,81.7325892,2023-02-23,2023-02-01,2023-03-02,TRUE,47,100,1,1
398,53.2269,8.7947,5,50.9422,6.9578,299.3047529,2023-01-04,2023-01-01,2023-02-02,TRUE,21,22,2,1
433,53.5089,10.2483,1,52.5167,13.3833,245.0662698,2023-01-05,2023-01-01,2023-02-02,TRUE,51,100,1,1
436,48.4833,9.2167,2,50.9422,6.9578,335.7214088,2023-01-19,2023-01-15,2023-02-16,TRUE,37,100,1,1
487,50.35,11.1667,3,48.1372,11.5755,246.7912157,2023-02-01,2023-02-01,2023-03-02,TRUE,23,100,1,1
39,52.2,8.8,2,50.9422,6.9578,211.9153484,2023-02-01,2023-01-15,2023-02-16,TRUE,32,100,1,1
94,51.55,7.3167,1,52.5167,13.3833,437.0231599,2023-01-14,2023-01-01,2023-02-02,TRUE,66,100,1,1
121,48.6333,12.5,3,48.1372,11.5755,77.3300274,2023-02-17,2023-02-01,2023-03-02,TRUE,49,100,1,1
140,52.1728,7.5344,2,50.9422,6.9578,145.4252118,2023-01-15,2023-01-15,2023-02-16,TRUE,59,100,1,1
159,48.8086,9.2758,3,48.1372,11.5755,154.2483255,2023-02-25,2023-02-01,2023-03-02,TRUE,50,100,1,1
210,51.2386,12.7253,1,52.5167,13.3833,149.124836,2023-01-26,2023-01-01,2023-02-02,TRUE,64,100,1,1
248,51.1714,6.9394,10,50.9422,6.9578,25.49098164,2023-02-21,2023-02-01,2023-03-02,TRUE,64,100,1,1
292,48.8597,9.185,3,48.1372,11.5755,161.6750434,2023-02-01,2023-02-01,2023-03-02,TRUE,31,100,1,1
310,50.6378,9.3944,5,50.9422,6.9578,213.551402,2023-01-31,2023-01-01,2023-02-02,TRUE,12,22,2,1
336,52.1278,11.6292,7,52.5167,13.3833,129.8768454,2023-02-05,2023-02-01,2023-03-02,TRUE,14,21,3,1
365,51.3167,6.2833,2,50.9422,6.9578,71.66004135,2023-01-21,2023-01-15,2023-02-16,TRUE,27,100,1,1
374,51.2003,6.6939,2,50.9422,6.9578,36.63784035,2023-02-08,2023-01-15,2023-02-16,TRUE,56,100,1,1
378,49.5656,8.8437,2,50.9422,6.9578,223.5716354,2023-02-09,2023-01-15,2023-02-16,TRUE,61,100,1,1
385,51.505,10.7911,1,52.5167,13.3833,213.0235924,2023-01-16,2023-01-01,2023-02-02,TRUE,42,100,1,1
426,52.6,12.3333,3,48.1372,11.5755,497.365705,2023-02-05,2023-02-01,2023-03-02,TRUE,37,100,1,1
476,51.6833,7.4833,1,52.5167,13.3833,422.2685079,2023-01-06,2023-01-01,2023-02-02,TRUE,43,100,1,1
485,51.1667,7.0833,2,50.9422,6.9578,27.18337081,2023-02-08,2023-01-15,2023-02-16,TRUE,26,100,1,1
516,52.9647,10.5658,2,50.9422,6.9578,384.5632127,2023-02-02,2023-01-15,2023-02-16,TRUE,37,100,1,1
54,51.1814,14.4239,3,48.1372,11.5755,377.0420139,2023-02-16,2023-02-01,2023-03-02,TRUE,64,100,1,1
67,49.9669,7.895,2,50.9422,6.9578,135.2693867,2023-01-28,2023-01-15,2023-02-16,TRUE,45,100,1,1
73,51.4833,7.2167,8,50.9422,6.9578,64.10491349,2023-02-07,2023-02-01,2023-03-02,TRUE,19,21,3,1
95,52.6256,10.0825,4,52.5167,13.3833,230.8194389,2023-01-30,2023-01-15,2023-02-16,TRUE,14,22,2,1
162,49.7197,11.0581,3,48.1372,11.5755,178.2659977,2023-02-21,2023-02-01,2023-03-02,TRUE,61,100,1,1
271,51.5917,7.6653,8,50.9422,6.9578,94.58488274,2023-02-26,2023-02-01,2023-03-02,TRUE,17,21,3,1
357,52.2883,8.9167,2,50.9422,6.9578,225.9713737,2023-01-20,2023-01-15,2023-02-16,TRUE,40,100,1,1
377,49.7306,12.1706,1,52.5167,13.3833,320.6425194,2023-01-04,2023-01-01,2023-02-02,TRUE,25,100,1,1
390,50.2028,8.5769,8,50.9422,6.9578,162.3836002,2023-02-15,2023-02-01,2023-03-02,TRUE,18,21,3,1
419,52.4,13.0667,3,48.1372,11.5755,481.2060409,2023-02-11,2023-02-01,2023-03-02,TRUE,38,100,1,1
542,50.9833,11.3167,3,48.1372,11.5755,316.2824603,2023-02-08,2023-02-01,2023-03-02,TRUE,30,100,1,1
21,49.9757,9.1478,10,50.9422,6.9578,217.77851,2023-02-26,2023-02-01,2023-03-02,TRUE,60,100,1,1
109,48.2603,11.4342,2,50.9422,6.9578,488.555344,2023-01-21,2023-01-15,2023-02-16,TRUE,41,100,1,1
125,51.66,6.9642,2,50.9422,6.9578,79.67772497,2023-01-21,2023-01-15,2023-02-16,TRUE,31,100,1,1
185,53.0358,8.5483,2,50.9422,6.9578,270.0923253,2023-01-21,2023-01-15,2023-02-16,TRUE,48,100,1,1
194,50.8782,12.0824,3,48.1372,11.5755,305.7037603,2023-03-01,2023-02-01,2023-03-02,TRUE,34,100,1,1
206,50.6547,12.1997,3,48.1372,11.5755,281.8364538,2023-02-08,2023-02-01,2023-03-02,TRUE,49,100,1,1
240,49.6415,8.645,10,50.9422,6.9578,205.3376115,2023-02-23,2023-02-01,2023-03-02,TRUE,24,100,1,1
249,52.15,9.95,4,52.5167,13.3833,243.1861168,2023-01-24,2023-01-15,2023-02-16,TRUE,18,22,2,1
272,51.5,6.5333,10,50.9422,6.9578,71.99369563,2023-02-24,2023-02-01,2023-03-02,TRUE,27,100,1,1
307,51.1167,6.95,2,50.9422,6.9578,19.38125804,2023-02-08,2023-01-15,2023-02-16,TRUE,32,100,1,1
337,50.15,8.8333,2,50.9422,6.9578,184.5944335,2023-01-23,2023-01-15,2023-02-16,TRUE,33,100,1,1
339,49.4878,8.4661,2,50.9422,6.9578,207.6046191,2023-01-22,2023-01-15,2023-02-16,TRUE,64,100,1,1
457,50.77,7.1867,10,50.9422,6.9578,27.52711729,2023-02-16,2023-02-01,2023-03-02,TRUE,52,100,1,1
477,51.5167,14.0167,1,52.5167,13.3833,119.4883026,2023-01-26,2023-01-01,2023-02-02,TRUE,56,100,1,1
484,51.5711,8.1092,2,50.9422,6.9578,121.6615002,2023-02-15,2023-01-15,2023-02-16,TRUE,46,100,1,1
535,53.5833,9.7,10,50.9422,6.9578,377.1723978,2023-02-20,2023-02-01,2023-03-02,TRUE,61,100,1,1
570,52.4238,9.4359,8,50.9422,6.9578,270.2523107,2023-02-14,2023-02-01,2023-03-02,TRUE,21,21,3,1
1,50.7762,6.0838,1,52.5167,13.3833,545.1245882,2023-01-01,2023-01-01,2023-02-02,TRUE,52,100,1,1
61,51.6167,7.6333,10,50.9422,6.9578,94.98784356,2023-02-27,2023-02-01,2023-03-02,TRUE,65,100,1,1
75,51.8439,6.8583,2,50.9422,6.9578,100.4584052,2023-02-01,2023-01-15,2023-02-16,TRUE,45,100,1,1
136,50.9667,11.9,7,52.5167,13.3833,200.8245706,2023-02-28,2023-02-01,2023-03-02,TRUE,13,21,3,1
148,49.5964,11.0044,3,48.1372,11.5755,165.4069506,2023-02-22,2023-02-01,2023-03-02,TRUE,19,100,1,1
172,48.4633,8.4111,3,48.1372,11.5755,189.3221271,2023-02-16,2023-02-01,2023-03-02,TRUE,43,100,1,1
184,48.8039,8.3194,1,52.5167,13.3833,543.0410688,2023-01-02,2023-01-01,2023-02-02,TRUE,55,100,1,1
220,51.4828,11.9697,7,52.5167,13.3833,151.3776184,2023-02-04,2023-02-01,2023-03-02,TRUE,16,21,3,1
285,48.6483,9.4511,1,52.5167,13.3833,509.6863474,2023-01-07,2023-01-01,2023-02-02,TRUE,56,100,1,1
305,48.5397,12.1508,3,48.1372,11.5755,56.01315415,2023-02-14,2023-02-01,2023-03-02,TRUE,58,100,1,1
427,51.3,6.85,10,50.9422,6.9578,40.79673569,2023-02-24,2023-02-01,2023-03-02,TRUE,28,100,1,1
434,51.1802,7.1872,10,50.9422,6.9578,33.04567113,2023-02-17,2023-02-01,2023-03-02,TRUE,60,100,1,1
478,50.8014,7.2044,1,52.5167,13.3833,471.6277865,2023-01-10,2023-01-01,2023-02-02,TRUE,28,100,1,1
488,47.5142,10.2817,9,48.1372,11.5755,102.7368876,2023-01-24,2023-01-01,2023-02-02,TRUE,13,21,3,1
496,52.6,11.85,10,50.9422,6.9578,461.6292137,2023-02-28,2023-02-01,2023-03-02,TRUE,22,100,1,1
504,51.3167,8,2,50.9422,6.9578,99.30996577,2023-02-10,2023-01-15,2023-02-16,TRUE,31,100,1,1
522,52.7306,8.2886,10,50.9422,6.9578,229.5004746,2023-02-25,2023-02-01,2023-03-02,TRUE,31,100,1,1
536,51.1333,6.2667,1,52.5167,13.3833,520.1520359,2023-01-06,2023-01-01,2023-02-02,TRUE,35,100,1,1
202,51.6839,6.1619,8,50.9422,6.9578,107.3405555,2023-02-23,2023-02-01,2023-03-02,TRUE,13,21,3,1
539,49.6768,12.1561,3,48.1372,11.5755,174.2636732,2023-02-24,2023-02-01,2023-03-02,TRUE,57,100,1,1
548,51.6667,7.6167,1,52.5167,13.3833,413.6006356,2023-01-04,2023-01-01,2023-02-02,TRUE,51,100,1,1
7,53.6747,10.2411,7,52.5167,13.3833,254.3036615,2023-02-17,2023-02-01,2023-03-02,TRUE,18,21,3,1
56,51.7558,8.0408,8,50.9422,6.9578,130.1523347,2023-02-04,2023-02-01,2023-03-02,TRUE,12,21,3,1
74,50.7339,7.0997,2,50.9422,6.9578,26.17996935,2023-02-05,2023-01-15,2023-02-16,TRUE,23,100,1,1
93,48.7144,8.7375,2,50.9422,6.9578,291.3254653,2023-01-22,2023-01-15,2023-02-16,TRUE,51,100,1,1
135,50.9747,10.3244,2,50.9422,6.9578,291.3652343,2023-02-05,2023-01-15,2023-02-16,TRUE,49,100,1,1
243,48.5967,8.8708,2,50.9422,6.9578,308.5271819,2023-01-30,2023-01-15,2023-02-16,TRUE,28,100,1,1
255,49.3167,7.3333,1,52.5167,13.3833,551.9613651,2023-01-05,2023-01-01,2023-02-02,TRUE,60,100,1,1
278,48.9167,11.8667,1,52.5167,13.3833,413.3964414,2023-01-27,2023-01-01,2023-02-02,TRUE,31,100,1,1
314,49.3481,8.6911,5,50.9422,6.9578,231.9678677,2023-01-12,2023-01-01,2023-02-02,TRUE,22,22,2,1
322,50.3833,8.0667,1,52.5167,13.3833,440.3632077,2023-01-06,2023-01-01,2023-02-02,TRUE,54,100,1,1
453,49.3167,6.75,2,50.9422,6.9578,181.3244279,2023-01-18,2023-01-15,2023-02-16,TRUE,38,100,1,1
576,50.7189,12.4961,3,48.1372,11.5755,291.623647,2023-02-13,2023-02-01,2023-03-02,TRUE,32,100,1,1
80,52.4089,7.9728,2,50.9422,6.9578,184.987663,2023-01-26,2023-01-15,2023-02-16,TRUE,25,100,1,1
122,51.5667,6.7333,10,50.9422,6.9578,71.99057091,2023-02-24,2023-02-01,2023-03-02,TRUE,34,100,1,1
152,48.7406,9.3108,1,52.5167,13.3833,506.5207777,2023-01-04,2023-01-01,2023-02-02,TRUE,36,100,1,1
209,49.8594,8.5525,2,50.9422,6.9578,183.0053374,2023-01-21,2023-01-15,2023-02-16,TRUE,37,100,1,1
228,51.3992,7.1858,2,50.9422,6.9578,54.42920638,2023-02-11,2023-01-15,2023-02-16,TRUE,60,100,1,1
238,52.6378,13.2036,1,52.5167,13.3833,18.38924646,2023-02-01,2023-01-01,2023-02-02,TRUE,44,100,1,1
325,51.6667,8.35,2,50.9422,6.9578,144.8540612,2023-01-22,2023-01-15,2023-02-16,TRUE,43,100,1,1
326,50.8415,7.2166,10,50.9422,6.9578,25.03072807,2023-02-24,2023-02-01,2023-03-02,TRUE,41,100,1,1
393,50.1006,8.7665,8,50.9422,6.9578,182.2812216,2023-02-11,2023-02-01,2023-03-02,TRUE,14,21,3,1
399,51.7286,10.2522,10,50.9422,6.9578,298.1587524,2023-03-01,2023-02-01,2023-03-02,TRUE,57,100,1,1
417,51.2128,7.8715,10,50.9422,6.9578,84.58369013,2023-02-17,2023-02-01,2023-03-02,TRUE,31,100,1,1
421,51,6.8,2,50.9422,6.9578,15.08793371,2023-01-22,2023-01-15,2023-02-16,TRUE,32,100,1,1
482,48.7133,9.0028,3,48.1372,11.5755,164.0578987,2023-02-16,2023-02-01,2023-03-02,TRUE,20,100,1,1
492,53.6008,9.4764,1,52.5167,13.3833,298.1873762,2023-01-17,2023-01-01,2023-02-02,TRUE,22,100,1,1
532,47.6231,8.2144,3,48.1372,11.5755,205.4643794,2023-02-04,2023-02-01,2023-03-02,TRUE,65,100,1,1
553,50.5667,8.5,2,50.9422,6.9578,139.8178839,2023-02-13,2023-01-15,2023-02-16,TRUE,42,100,1,1
561,53.8925,11.465,10,50.9422,6.9578,509.2974981,2023-02-24,2023-02-01,2023-03-02,TRUE,47,100,1,1
5,52.0794,7.0134,10,50.9422,6.9578,126.3208701,2023-02-22,2023-02-01,2023-03-02,TRUE,54,100,1,1
46,50.1781,8.7361,2,50.9422,6.9578,175.7172634,2023-02-02,2023-01-15,2023-02-16,TRUE,39,100,1,1
60,50.9917,7.1367,2,50.9422,6.9578,16.42795354,2023-01-27,2023-01-15,2023-02-16,TRUE,27,100,1,1
86,51.3956,8.5678,2,50.9422,6.9578,148.1390359,2023-02-10,2023-01-15,2023-02-16,TRUE,37,100,1,1
139,48.1214,7.8492,9,48.1372,11.5755,218.8342348,2023-01-26,2023-01-01,2023-02-02,TRUE,13,21,3,1
31,50.8683,9.7067,2,50.9422,6.9578,238.0290165,2023-01-27,2023-01-15,2023-02-16,TRUE,30,100,1,1
65,52.0167,8.5333,10,50.9422,6.9578,181.1477225,2023-02-20,2023-02-01,2023-03-02,TRUE,60,100,1,1
90,52.4438,10.0078,1,52.5167,13.3833,235.858032,2023-01-20,2023-01-01,2023-02-02,TRUE,32,100,1,1
98,52.8478,8.0439,2,50.9422,6.9578,231.4639313,2023-02-10,2023-01-15,2023-02-16,TRUE,30,100,1,1
141,51.3021,7.3425,1,52.5167,13.3833,442.8639257,2023-01-05,2023-01-01,2023-02-02,TRUE,60,100,1,1
153,48.9333,8.4,3,48.1372,11.5755,206.3590861,2023-02-26,2023-02-01,2023-03-02,TRUE,24,100,1,1
169,47.9947,7.8497,3,48.1372,11.5755,219.3688448,2023-02-21,2023-02-01,2023-03-02,TRUE,54,100,1,1
178,50.5528,9.6775,8,50.9422,6.9578,239.2967091,2023-02-09,2023-02-01,2023-03-02,TRUE,13,21,3,1
189,50.9653,6.1194,10,50.9422,6.9578,72.59976667,2023-02-25,2023-02-01,2023-03-02,TRUE,42,100,1,1
260,49.9747,8.0564,2,50.9422,6.9578,143.4288307,2023-02-14,2023-01-15,2023-02-16,TRUE,57,100,1,1
347,52.2031,8.3361,2,50.9422,6.9578,183.8906586,2023-02-05,2023-01-15,2023-02-16,TRUE,51,100,1,1
355,49.7039,9.2644,3,48.1372,11.5755,220.5952821,2023-02-16,2023-02-01,2023-03-02,TRUE,27,100,1,1
384,53.7064,10.0103,7,52.5167,13.3833,270.0374618,2023-02-20,2023-02-01,2023-03-02,TRUE,19,21,3,1
418,52.2167,8.9333,8,50.9422,6.9578,221.9016179,2023-02-27,2023-02-01,2023-03-02,TRUE,13,21,3,1
461,50.5833,11.8167,7,52.5167,13.3833,240.8828855,2023-02-12,2023-02-01,2023-03-02,TRUE,15,21,3,1
470,51.2904,7.2972,2,50.9422,6.9578,48.5439753,2023-02-01,2023-01-15,2023-02-16,TRUE,56,100,1,1
495,52.1504,7.3366,10,50.9422,6.9578,138.0584772,2023-02-25,2023-02-01,2023-03-02,TRUE,34,100,1,1
523,51.34,7.0416,2,50.9422,6.9578,44.74735713,2023-01-24,2023-01-15,2023-02-16,TRUE,32,100,1,1
32,50.2292,8.6105,2,50.9422,6.9578,163.4603721,2023-01-22,2023-01-15,2023-02-16,TRUE,52,100,1,1
48,48.7619,8.2408,2,50.9422,6.9578,266.2668867,2023-01-31,2023-01-15,2023-02-16,TRUE,33,100,1,1
58,49.6811,8.6228,10,50.9422,6.9578,200.8887191,2023-02-19,2023-02-01,2023-03-02,TRUE,56,100,1,1
104,49.1347,10.0706,2,50.9422,6.9578,335.884772,2023-01-16,2023-01-15,2023-02-16,TRUE,47,100,1,1
134,51.8167,9.8667,1,52.5167,13.3833,257.5716545,2023-01-14,2023-01-01,2023-02-02,TRUE,64,100,1,1
142,49.6569,8.9931,5,50.9422,6.9578,226.6653176,2023-01-22,2023-01-01,2023-02-02,TRUE,19,22,2,1
166,52.35,14.55,3,48.1372,11.5755,499.1808417,2023-02-20,2023-02-01,2023-03-02,TRUE,60,100,1,1
186,52.4183,9.5981,2,50.9422,6.9578,281.1642074,2023-02-14,2023-01-15,2023-02-16,TRUE,43,100,1,1
219,52.2833,11.4167,1,52.5167,13.3833,139.7546682,2023-01-21,2023-01-01,2023-02-02,TRUE,65,100,1,1
259,50.6872,10.9142,3,48.1372,11.5755,285.7016815,2023-02-27,2023-02-01,2023-03-02,TRUE,38,100,1,1
281,47.7333,10.3167,3,48.1372,11.5755,86.45585722,2023-02-15,2023-02-01,2023-03-02,TRUE,60,100,1,1
302,49.5942,8.4671,5,50.9422,6.9578,198.6163593,2023-01-30,2023-01-01,2023-02-02,TRUE,21,22,2,1
312,52.3725,9.9769,2,50.9422,6.9578,305.7254862,2023-02-03,2023-01-15,2023-02-16,TRUE,50,100,1,1
316,51.3333,12.3833,3,48.1372,11.5755,357.9246698,2023-02-26,2023-02-01,2023-03-02,TRUE,39,100,1,1
407,53.0667,11.8667,7,52.5167,13.3833,122.2438559,2023-02-19,2023-02-01,2023-03-02,TRUE,21,21,3,1
408,52.3833,8.9667,8,50.9422,6.9578,236.2439734,2023-02-25,2023-02-01,2023-03-02,TRUE,19,21,3,1
509,52.4022,13.2706,3,48.1372,11.5755,483.7674448,2023-02-19,2023-02-01,2023-03-02,TRUE,54,100,1,1
515,47.985,8.8233,2,50.9422,6.9578,365.8005657,2023-01-22,2023-01-15,2023-02-16,TRUE,59,100,1,1
543,49.5561,8.6697,2,50.9422,6.9578,213.5869478,2023-01-19,2023-01-15,2023-02-16,TRUE,64,100,1,1
9,48.2119,9.0239,9,48.1372,11.5755,150.0721133,2023-01-18,2023-01-01,2023-02-02,TRUE,13,21,3,1
57,52.1667,14.25,3,48.1372,11.5755,474.0489214,2023-02-22,2023-02-01,2023-03-02,TRUE,52,100,1,1
150,50.8167,6.2833,2,50.9422,6.9578,60.0099744,2023-02-03,2023-01-15,2023-02-16,TRUE,28,100,1,1
176,50.2569,8.6418,10,50.9422,6.9578,164.39042,2023-02-24,2023-02-01,2023-03-02,TRUE,31,100,1,1
196,48.1333,11.3667,3,48.1372,11.5755,12.26943276,2023-02-03,2023-02-01,2023-03-02,TRUE,53,100,1,1
231,48.6761,10.1544,3,48.1372,11.5755,102.6780541,2023-02-24,2023-02-01,2023-03-02,TRUE,31,100,1,1
253,51.8297,9.4483,5,50.9422,6.9578,236.9728383,2023-01-28,2023-01-01,2023-02-02,TRUE,18,22,2,1
295,50.962,8.0064,1,52.5167,13.3833,413.2402399,2023-01-05,2023-01-01,2023-02-02,TRUE,33,100,1,1
298,49.5347,7.3981,5,50.9422,6.9578,160.8118433,2023-01-07,2023-01-01,2023-02-02,TRUE,17,22,2,1
315,48.6928,9.1428,2,50.9422,6.9578,313.2030281,2023-01-22,2023-01-15,2023-02-16,TRUE,29,100,1,1
318,51.1236,8.0681,8,50.9422,6.9578,98.17159632,2023-02-11,2023-02-01,2023-03-02,TRUE,18,21,3,1
331,49.4811,8.4353,2,50.9422,6.9578,206.5227422,2023-01-19,2023-01-15,2023-02-16,TRUE,48,100,1,1
349,52.6906,7.291,2,50.9422,6.9578,196.2028181,2023-01-26,2023-01-15,2023-02-16,TRUE,62,100,1,1
386,52.4333,7.0667,1,52.5167,13.3833,441.2003105,2023-01-14,2023-01-01,2023-02-02,TRUE,39,100,1,1
397,52.7544,13.2369,7,52.5167,13.3833,28.2961397,2023-02-12,2023-02-01,2023-03-02,TRUE,16,21,3,1
403,53.0667,7.4,2,50.9422,6.9578,238.9042668,2023-02-10,2023-01-15,2023-02-16,TRUE,24,100,1,1
414,49.2,7.6,10,50.9422,6.9578,201.2115374,2023-02-27,2023-02-01,2023-03-02,TRUE,42,100,1,1
425,48.8572,8.2031,3,48.1372,11.5755,213.5621536,2023-02-18,2023-02-01,2023-03-02,TRUE,64,100,1,1
440,52.2833,7.4333,1,52.5167,13.3833,416.3095353,2023-01-02,2023-01-01,2023-02-02,TRUE,52,100,1,1
473,52.5167,14.3831,3,48.1372,11.5755,513.3237639,2023-02-14,2023-02-01,2023-03-02,TRUE,46,100,1,1
507,49.6225,9.6628,2,50.9422,6.9578,276.1445404,2023-01-29,2023-01-15,2023-02-16,TRUE,42,100,1,1
573,49.45,10.95,1,52.5167,13.3833,380.4583353,2023-01-21,2023-01-01,2023-02-02,TRUE,45,100,1,1
167,50.9167,6.8167,1,52.5167,13.3833,491.7521742,2023-01-02,2023-01-01,2023-02-02,TRUE,43,100,1,1
213,51.0333,7.5667,10,50.9422,6.9578,53.65522477,2023-02-26,2023-02-01,2023-03-02,TRUE,24,100,1,1
266,53.5744,7.9008,1,52.5167,13.3833,400.4529642,2023-01-14,2023-01-01,2023-02-02,TRUE,35,100,1,1
269,51.2278,6.6273,5,50.9422,6.9578,42.69684499,2023-01-05,2023-01-01,2023-02-02,TRUE,17,22,2,1
306,49.9893,8.6803,1,52.5167,13.3833,431.9308546,2023-01-03,2023-01-01,2023-02-02,TRUE,55,100,1,1
308,52.4394,9.74,4,52.5167,13.3833,254.5649351,2023-01-21,2023-01-15,2023-02-16,TRUE,21,22,2,1
372,49.3448,7.1799,2,50.9422,6.9578,178.3500904,2023-02-14,2023-01-15,2023-02-16,TRUE,49,100,1,1
396,51.0289,7.8514,1,52.5167,13.3833,420.1252673,2023-01-08,2023-01-01,2023-02-02,TRUE,54,100,1,1
462,54.5153,9.5697,4,52.5167,13.3833,346.6085754,2023-01-27,2023-01-15,2023-02-16,TRUE,14,22,2,1
475,53.3833,10.0333,1,52.5167,13.3833,252.9431109,2023-01-28,2023-01-01,2023-02-02,TRUE,33,100,1,1
508,50.1435,8.1606,2,50.9422,6.9578,136.7275689,2023-01-24,2023-01-15,2023-02-16,TRUE,64,100,1,1
550,50.8207,6.9786,2,50.9422,6.9578,13.60609195,2023-02-09,2023-01-15,2023-02-16,TRUE,53,100,1,1
562,51.4333,7.3333,2,50.9422,6.9578,63.46278285,2023-02-11,2023-01-15,2023-02-16,TRUE,44,100,1,1